Luffy,Taro,Luffy#123,East Blue,New York1,DenMark1
Gogu,Black,Gogu@123,New York,New York2,DenMark2
Naruto,Uzamaki,Naruto@123,New York,New York3,DenMark3
Vegeta,Prince,Vegeta@123,New York,New York4,DenMark4
Ichigo,Kurosaki,Ichigo@123,New York,New York5,DenMark5
Saitama,Sai,Saitama@123,New York,New York6,DenMark6
Kakashi,Sensei,Luffy,New York,New York7,DenMark7
Boruto,Uzamaki,Boruto@123,New York,New York8,DenMark8
Cell,Cell,Cell@123,New York,New York9,DenMark9
Frezer,Frezer,Frezerl@123,New York,New York9,DenMark9